{
  "name": "sandbox_rastro_v1",
  "title": "Rastro de Cthulhu v1",
  "description": "",
  "version": "1.0.0",
  "minimumCoreVersion": "0.0.0",
  "compatibleCoreVersion": "1.0.0",
  "scripts": [],
  "esmodules": [],
  "styles": [],
  "packs": [],
  "languages": [],
  "authors": [],
  "keywords": [],
  "socket": false,
  "url": "",
  "manifest": "",
  "download": "",
  "license": "",
  "readme": "",
  "bugs": "",
  "changelog": "",
  "background": "",
  "system": "sandbox",
  "coreVersion": "0.7.7",
  "systemVersion": "0.5.3",
  "nextSession": "",
  "availability": 0,
  "unavailable": false,
  "id": "sandbox_rastro_v1"
}